file,line_no,time,block_id,height,txs_count
output.json,0,,,0,
output.json,1,,,1,
output.json,2,,,2,
output.json,3,,,3,
output.json,4,,,3,
output.json,5,,,4,
output.json,6,,,5,
output.json,7,,,6,
output.json,8,,,7,
output.json,9,,,8,
output.json,10,,,9,
output.json,11,,,10,
output.json,12,,,11,
output.json,13,,,12,
output.json,14,,,13,
output.json,15,,,14,
output.json,16,,,15,
output.json,17,,,16,
output.json,18,,,16,
output.json,19,,,17,
output.json,20,,,18,
output.json,21,,,19,
output.json,22,,,19,
output.json,23,,,20,
output.json,24,,,20,
output.json,25,,,21,
output.json,26,,,22,
output.json,27,,,23,
output.json,28,,,24,
output.json,29,,,24,
output.json,30,,,25,
output.json,31,,,26,
output.json,32,,,27,
output.json,33,,,28,
output.json,34,,,29,
output.json,35,,,30,
output.json,36,,,31,
output.json,37,,,32,
output.json,38,,,33,
output.json,39,,,34,
output.json,40,,,35,
output.json,41,,,36,
output.json,42,,,37,
output.json,43,,,38,
output.json,44,,,39,
output.json,45,,,40,
output.json,46,,,41,
output.json,47,,,42,
output.json,48,,,42,
output.json,49,,,43,
output.json,50,,,44,
output.json,51,,,44,
output.json,52,,,45,
output.json,53,,,46,
output.json,54,,,46,
output.json,55,,,47,
output.json,56,,,48,
output.json,57,,,48,
output.json,58,,,49,
output.json,59,,,50,
output.json,60,,,51,
output.json,61,,,52,
output.json,62,,,53,
output.json,63,,,54,
output.json,64,,,55,
output.json,65,,,56,
output.json,66,,,57,
output.json,67,,,58,
output.json,68,,,59,
output.json,69,,,60,
output.json,70,,,61,
output.json,71,,,61,
output.json,72,,,62,
output.json,73,,,63,
output.json,74,,,64,
output.json,75,,,65,
output.json,76,,,66,
output.json,77,,,67,
output.json,78,,,68,
output.json,79,,,69,
output.json,80,,,69,
output.json,81,,,70,
output.json,82,,,71,
output.json,83,,,72,
output.json,84,,,73,
output.json,85,,,74,
output.json,86,,,75,
output.json,87,,,76,
output.json,88,,,77,
output.json,89,,,78,
output.json,90,,,79,
output.json,91,,,80,
output.json,92,,,81,
output.json,93,,,82,
output.json,94,,,83,
output.json,95,,,84,
output.json,96,,,85,
output.json,97,,,86,
output.json,98,,,87,
output.json,99,,,88,
output.json,100,,,89,
output.json,101,,,90,
output.json,102,,,91,
output.json,103,,,92,
output.json,104,,,93,
output.json,105,,,94,
output.json,106,,,95,
output.json,107,,,96,
output.json,108,,,97,
output.json,109,,,98,
output.json,110,,,99,
